generation,accuracy_max,accuracy_mean,features_min,features_mean
0.0,0.9560534044362006,0.819791425148775,9.0,12.0
1.0,0.9604586907798129,0.9033131424375916,9.0,10.5
